"03024: Eksport av oppalen laks, etter varegruppe, uke og statistikkvariabel"

"varegruppe";"uke";"Vekt (tonn)";"Kilopris (kr)"
"Fersk oppalen laks";"2000U01";3728;30.98
"Fersk oppalen laks";"2000U02";4054;31.12
"Fersk oppalen laks";"2000U03";4043;31.03
"Fersk oppalen laks";"2000U04";3730;30.95
"Fersk oppalen laks";"2000U05";3831;31.30
"Fersk oppalen laks";"2000U06";4415;32.53
"Fersk oppalen laks";"2000U07";4617;32.46
"Fersk oppalen laks";"2000U08";4463;32.19
"Fersk oppalen laks";"2000U09";4025;32.04
"Fersk oppalen laks";"2000U10";4274;32.00
"Fersk oppalen laks";"2000U11";4797;33.29
"Fersk oppalen laks";"2000U12";5004;33.77
"Fersk oppalen laks";"2000U13";5336;34.11
"Fersk oppalen laks";"2000U14";6091;34.61
"Fersk oppalen laks";"2000U15";6460;34.12
"Fersk oppalen laks";"2000U16";3511;34.45
"Fersk oppalen laks";"2000U17";4224;35.56
"Fersk oppalen laks";"2000U18";4537;37.69
"Fersk oppalen laks";"2000U19";4922;37.94
"Fersk oppalen laks";"2000U20";4527;37.32
"Fersk oppalen laks";"2000U21";5188;35.40
"Fersk oppalen laks";"2000U22";4500;34.63
"Fersk oppalen laks";"2000U23";5062;34.00
"Fersk oppalen laks";"2000U24";4601;34.39
"Fersk oppalen laks";"2000U25";5185;35.33
"Fersk oppalen laks";"2000U26";5075;36.00
"Fersk oppalen laks";"2000U27";4775;35.23
"Fersk oppalen laks";"2000U28";3930;35.33
"Fersk oppalen laks";"2000U29";3825;35.31
"Fersk oppalen laks";"2000U30";3584;35.86
"Fersk oppalen laks";"2000U31";4667;36.09
"Fersk oppalen laks";"2000U32";4776;35.44
"Fersk oppalen laks";"2000U33";4649;34.07
"Fersk oppalen laks";"2000U34";5381;33.46
"Fersk oppalen laks";"2000U35";5973;32.03
"Fersk oppalen laks";"2000U36";5469;30.65
"Fersk oppalen laks";"2000U37";5597;29.51
"Fersk oppalen laks";"2000U38";5854;29.33
"Fersk oppalen laks";"2000U39";6081;29.18
"Fersk oppalen laks";"2000U40";5978;28.44
"Fersk oppalen laks";"2000U41";5637;27.76
"Fersk oppalen laks";"2000U42";5829;27.01
"Fersk oppalen laks";"2000U43";6040;27.13
"Fersk oppalen laks";"2000U44";5937;27.22
"Fersk oppalen laks";"2000U45";6442;27.20
"Fersk oppalen laks";"2000U46";6690;26.88
"Fersk oppalen laks";"2000U47";6565;26.65
"Fersk oppalen laks";"2000U48";6017;26.43
"Fersk oppalen laks";"2000U49";8205;26.71
"Fersk oppalen laks";"2000U50";5263;27.60
"Fersk oppalen laks";"2000U51";7839;27.93
"Fersk oppalen laks";"2000U52";3266;28.35
"Fersk oppalen laks";"2001U01";4089;28.04
"Fersk oppalen laks";"2001U02";4959;27.32
"Fersk oppalen laks";"2001U03";4610;26.58
"Fersk oppalen laks";"2001U04";4470;26.16
"Fersk oppalen laks";"2001U05";4523;26.27
"Fersk oppalen laks";"2001U06";4462;26.73
"Fersk oppalen laks";"2001U07";4533;26.85
"Fersk oppalen laks";"2001U08";3807;27.15
"Fersk oppalen laks";"2001U09";4772;27.44
"Fersk oppalen laks";"2001U10";4936;28.00
"Fersk oppalen laks";"2001U11";5334;28.09
"Fersk oppalen laks";"2001U12";5328;28.08
"Fersk oppalen laks";"2001U13";5283;27.21
"Fersk oppalen laks";"2001U14";6047;26.98
"Fersk oppalen laks";"2001U15";3776;27.77
"Fersk oppalen laks";"2001U16";4253;27.79
"Fersk oppalen laks";"2001U17";5246;27.77
"Fersk oppalen laks";"2001U18";4547;27.46
"Fersk oppalen laks";"2001U19";5184;27.36
"Fersk oppalen laks";"2001U20";4913;27.28
"Fersk oppalen laks";"2001U21";5052;27.13
"Fersk oppalen laks";"2001U22";5554;27.12
"Fersk oppalen laks";"2001U23";4129;27.07
"Fersk oppalen laks";"2001U24";5454;26.75
"Fersk oppalen laks";"2001U25";4891;27.03
"Fersk oppalen laks";"2001U26";5077;26.97
"Fersk oppalen laks";"2001U27";4247;26.69
"Fersk oppalen laks";"2001U28";4272;26.19
"Fersk oppalen laks";"2001U29";4015;26.31
"Fersk oppalen laks";"2001U30";4075;26.20
"Fersk oppalen laks";"2001U31";4372;26.32
"Fersk oppalen laks";"2001U32";3994;26.71
"Fersk oppalen laks";"2001U33";4821;26.05
"Fersk oppalen laks";"2001U34";4843;26.02
"Fersk oppalen laks";"2001U35";5175;25.91
"Fersk oppalen laks";"2001U36";4746;25.92
"Fersk oppalen laks";"2001U37";4833;25.66
"Fersk oppalen laks";"2001U38";4999;25.15
"Fersk oppalen laks";"2001U39";5478;25.08
"Fersk oppalen laks";"2001U40";5121;24.55
"Fersk oppalen laks";"2001U41";4492;24.66
"Fersk oppalen laks";"2001U42";4935;24.43
"Fersk oppalen laks";"2001U43";5169;23.98
"Fersk oppalen laks";"2001U44";5369;23.28
"Fersk oppalen laks";"2001U45";5196;23.50
"Fersk oppalen laks";"2001U46";5808;23.09
"Fersk oppalen laks";"2001U47";5488;23.22
"Fersk oppalen laks";"2001U48";6132;22.95
"Fersk oppalen laks";"2001U49";6720;22.71
"Fersk oppalen laks";"2001U50";9219;22.80
"Fersk oppalen laks";"2001U51";7911;22.86
"Fersk oppalen laks";"2001U52";2793;22.75
"Fersk oppalen laks";"2002U01";3353;23.21
"Fersk oppalen laks";"2002U02";4595;22.51
"Fersk oppalen laks";"2002U03";3872;22.28
"Fersk oppalen laks";"2002U04";3346;22.96
"Fersk oppalen laks";"2002U05";1263;22.65
"Fersk oppalen laks";"2002U06";4730;22.28
"Fersk oppalen laks";"2002U07";4081;22.39
"Fersk oppalen laks";"2002U08";4013;22.65
"Fersk oppalen laks";"2002U09";5140;22.73
"Fersk oppalen laks";"2002U10";5121;23.05
"Fersk oppalen laks";"2002U11";5765;23.57
"Fersk oppalen laks";"2002U12";6336;23.94
"Fersk oppalen laks";"2002U13";3748;23.79
"Fersk oppalen laks";"2002U14";4828;24.04
"Fersk oppalen laks";"2002U15";5104;23.87
"Fersk oppalen laks";"2002U16";4897;24.03
"Fersk oppalen laks";"2002U17";4493;23.96
"Fersk oppalen laks";"2002U18";4860;23.97
"Fersk oppalen laks";"2002U19";5118;24.00
"Fersk oppalen laks";"2002U20";5929;24.70
"Fersk oppalen laks";"2002U21";5521;25.21
"Fersk oppalen laks";"2002U22";5663;24.75
"Fersk oppalen laks";"2002U23";5932;24.24
"Fersk oppalen laks";"2002U24";5993;23.63
"Fersk oppalen laks";"2002U25";5172;23.44
"Fersk oppalen laks";"2002U26";5254;23.18
"Fersk oppalen laks";"2002U27";5145;22.82
"Fersk oppalen laks";"2002U28";4476;22.70
"Fersk oppalen laks";"2002U29";5131;22.80
"Fersk oppalen laks";"2002U30";4766;22.93
"Fersk oppalen laks";"2002U31";4785;23.25
"Fersk oppalen laks";"2002U32";5210;24.10
"Fersk oppalen laks";"2002U33";5169;24.05
"Fersk oppalen laks";"2002U34";4924;24.22
"Fersk oppalen laks";"2002U35";4973;23.48
"Fersk oppalen laks";"2002U36";5067;23.37
"Fersk oppalen laks";"2002U37";5352;23.71
"Fersk oppalen laks";"2002U38";5064;23.55
"Fersk oppalen laks";"2002U39";4894;23.85
"Fersk oppalen laks";"2002U40";5412;23.74
"Fersk oppalen laks";"2002U41";5261;23.68
"Fersk oppalen laks";"2002U42";5059;23.22
"Fersk oppalen laks";"2002U43";6252;22.93
"Fersk oppalen laks";"2002U44";5502;23.09
"Fersk oppalen laks";"2002U45";6145;22.78
"Fersk oppalen laks";"2002U46";5757;22.62
"Fersk oppalen laks";"2002U47";5700;22.47
"Fersk oppalen laks";"2002U48";6830;21.94
"Fersk oppalen laks";"2002U49";8613;22.45
"Fersk oppalen laks";"2002U50";9967;23.00
"Fersk oppalen laks";"2002U51";8424;23.39
"Fersk oppalen laks";"2002U52";2628;23.50
"Fersk oppalen laks";"2003U01";2825;22.93
"Fersk oppalen laks";"2003U02";5503;23.19
"Fersk oppalen laks";"2003U03";5051;22.78
"Fersk oppalen laks";"2003U04";4812;22.51
"Fersk oppalen laks";"2003U05";4752;22.68
"Fersk oppalen laks";"2003U06";4607;22.62
"Fersk oppalen laks";"2003U07";4702;22.97
"Fersk oppalen laks";"2003U08";4772;22.99
"Fersk oppalen laks";"2003U09";4265;22.52
"Fersk oppalen laks";"2003U10";5586;23.14
"Fersk oppalen laks";"2003U11";5101;22.91
"Fersk oppalen laks";"2003U12";5066;23.05
"Fersk oppalen laks";"2003U13";6378;23.44
"Fersk oppalen laks";"2003U14";6481;23.50
"Fersk oppalen laks";"2003U15";6695;22.84
"Fersk oppalen laks";"2003U16";4648;22.69
"Fersk oppalen laks";"2003U17";5944;22.95
"Fersk oppalen laks";"2003U18";5162;22.67
"Fersk oppalen laks";"2003U19";5986;22.43
"Fersk oppalen laks";"2003U20";6581;22.40
"Fersk oppalen laks";"2003U21";6510;22.20
"Fersk oppalen laks";"2003U22";5799;21.35
"Fersk oppalen laks";"2003U23";6385;19.27
"Fersk oppalen laks";"2003U24";6434;19.43
"Fersk oppalen laks";"2003U25";5769;18.76
"Fersk oppalen laks";"2003U26";6179;18.60
"Fersk oppalen laks";"2003U27";5768;17.67
"Fersk oppalen laks";"2003U28";6185;17.46
"Fersk oppalen laks";"2003U29";5054;18.26
"Fersk oppalen laks";"2003U30";5548;18.07
"Fersk oppalen laks";"2003U31";5987;18.09
"Fersk oppalen laks";"2003U32";5434;18.05
"Fersk oppalen laks";"2003U33";6220;18.48
"Fersk oppalen laks";"2003U34";5399;18.81
"Fersk oppalen laks";"2003U35";6289;19.65
"Fersk oppalen laks";"2003U36";6565;20.41
"Fersk oppalen laks";"2003U37";5636;20.86
"Fersk oppalen laks";"2003U38";5621;21.17
"Fersk oppalen laks";"2003U39";7397;21.78
"Fersk oppalen laks";"2003U40";6337;22.21
"Fersk oppalen laks";"2003U41";6062;22.67
"Fersk oppalen laks";"2003U42";6976;22.60
"Fersk oppalen laks";"2003U43";7962;22.58
"Fersk oppalen laks";"2003U44";6153;21.72
"Fersk oppalen laks";"2003U45";7396;21.03
"Fersk oppalen laks";"2003U46";7044;20.47
"Fersk oppalen laks";"2003U47";6429;20.66
"Fersk oppalen laks";"2003U48";7852;21.22
"Fersk oppalen laks";"2003U49";7786;21.24
"Fersk oppalen laks";"2003U50";11559;21.24
"Fersk oppalen laks";"2003U51";9398;20.61
"Fersk oppalen laks";"2003U52";3691;20.90
"Fersk oppalen laks";"2004U01";1306;22.06
"Fersk oppalen laks";"2004U02";7777;22.09
"Fersk oppalen laks";"2004U03";5115;22.25
"Fersk oppalen laks";"2004U04";5387;21.93
"Fersk oppalen laks";"2004U05";5300;21.86
"Fersk oppalen laks";"2004U06";5171;22.71
"Fersk oppalen laks";"2004U07";5118;23.30
"Fersk oppalen laks";"2004U08";5066;23.26
"Fersk oppalen laks";"2004U09";5297;23.05
"Fersk oppalen laks";"2004U10";5813;23.20
"Fersk oppalen laks";"2004U11";6063;23.77
"Fersk oppalen laks";"2004U12";6036;24.35
"Fersk oppalen laks";"2004U13";5638;24.73
"Fersk oppalen laks";"2004U14";7622;24.88
"Fersk oppalen laks";"2004U15";4720;25.10
"Fersk oppalen laks";"2004U16";4778;24.99
"Fersk oppalen laks";"2004U17";5059;25.08
"Fersk oppalen laks";"2004U18";5947;24.82
"Fersk oppalen laks";"2004U19";5742;24.37
"Fersk oppalen laks";"2004U20";6703;23.81
"Fersk oppalen laks";"2004U21";4984;23.71
"Fersk oppalen laks";"2004U22";6487;23.22
"Fersk oppalen laks";"2004U23";6196;22.91
"Fersk oppalen laks";"2004U24";6745;22.06
"Fersk oppalen laks";"2004U25";7319;21.61
"Fersk oppalen laks";"2004U26";6614;21.61
"Fersk oppalen laks";"2004U27";6634;21.25
"Fersk oppalen laks";"2004U28";6138;21.06
"Fersk oppalen laks";"2004U29";6436;21.25
"Fersk oppalen laks";"2004U30";5754;21.73
"Fersk oppalen laks";"2004U31";5600;22.46
"Fersk oppalen laks";"2004U32";6542;23.43
"Fersk oppalen laks";"2004U33";5601;23.45
"Fersk oppalen laks";"2004U34";6597;22.83
"Fersk oppalen laks";"2004U35";6129;22.39
"Fersk oppalen laks";"2004U36";6314;22.08
"Fersk oppalen laks";"2004U37";6870;22.29
"Fersk oppalen laks";"2004U38";7175;22.51
"Fersk oppalen laks";"2004U39";7092;22.47
"Fersk oppalen laks";"2004U40";7116;22.04
"Fersk oppalen laks";"2004U41";7158;21.46
"Fersk oppalen laks";"2004U42";6820;21.37
"Fersk oppalen laks";"2004U43";7190;20.86
"Fersk oppalen laks";"2004U44";6761;20.46
"Fersk oppalen laks";"2004U45";7756;20.11
"Fersk oppalen laks";"2004U46";7391;19.94
"Fersk oppalen laks";"2004U47";7661;20.44
"Fersk oppalen laks";"2004U48";8017;20.47
"Fersk oppalen laks";"2004U49";8986;21.06
"Fersk oppalen laks";"2004U50";10506;21.79
"Fersk oppalen laks";"2004U51";12242;22.88
"Fersk oppalen laks";"2004U52";8315;23.67
"Fersk oppalen laks";"2004U53";3814;23.57
"Fersk oppalen laks";"2005U01";6661;23.29
"Fersk oppalen laks";"2005U02";5900;22.67
"Fersk oppalen laks";"2005U03";6172;22.87
"Fersk oppalen laks";"2005U04";6245;23.75
"Fersk oppalen laks";"2005U05";6368;24.50
"Fersk oppalen laks";"2005U06";5667;24.99
"Fersk oppalen laks";"2005U07";6128;24.98
"Fersk oppalen laks";"2005U08";6789;25.05
"Fersk oppalen laks";"2005U09";7157;24.86
"Fersk oppalen laks";"2005U10";7280;24.44
"Fersk oppalen laks";"2005U11";8013;24.33
"Fersk oppalen laks";"2005U12";5269;25.13
"Fersk oppalen laks";"2005U13";6429;25.22
"Fersk oppalen laks";"2005U14";7458;25.56
"Fersk oppalen laks";"2005U15";7508;25.27
"Fersk oppalen laks";"2005U16";7282;24.90
"Fersk oppalen laks";"2005U17";6057;24.90
"Fersk oppalen laks";"2005U18";5955;24.59
"Fersk oppalen laks";"2005U19";7039;25.27
"Fersk oppalen laks";"2005U20";5925;26.40
"Fersk oppalen laks";"2005U21";7011;25.98
"Fersk oppalen laks";"2005U22";6599;25.36
"Fersk oppalen laks";"2005U23";6661;27.82
"Fersk oppalen laks";"2005U24";7316;28.17
"Fersk oppalen laks";"2005U25";7104;27.67
"Fersk oppalen laks";"2005U26";6666;26.57
"Fersk oppalen laks";"2005U27";6938;28.15
"Fersk oppalen laks";"2005U28";6560;29.28
"Fersk oppalen laks";"2005U29";6492;29.62
"Fersk oppalen laks";"2005U30";6252;29.58
"Fersk oppalen laks";"2005U31";5744;27.97
"Fersk oppalen laks";"2005U32";5938;27.86
"Fersk oppalen laks";"2005U33";7257;28.00
"Fersk oppalen laks";"2005U34";7349;27.91
"Fersk oppalen laks";"2005U35";8007;28.36
"Fersk oppalen laks";"2005U36";7334;27.67
"Fersk oppalen laks";"2005U37";8891;26.60
"Fersk oppalen laks";"2005U38";8266;25.67
"Fersk oppalen laks";"2005U39";8167;25.53
"Fersk oppalen laks";"2005U40";8201;25.67
"Fersk oppalen laks";"2005U41";9160;26.24
"Fersk oppalen laks";"2005U42";8163;26.43
"Fersk oppalen laks";"2005U43";8520;26.54
"Fersk oppalen laks";"2005U44";9099;26.54
"Fersk oppalen laks";"2005U45";8708;26.10
"Fersk oppalen laks";"2005U46";8910;25.51
"Fersk oppalen laks";"2005U47";9499;25.89
"Fersk oppalen laks";"2005U48";10348;27.07
"Fersk oppalen laks";"2005U49";12019;28.70
"Fersk oppalen laks";"2005U50";12564;28.08
"Fersk oppalen laks";"2005U51";10057;27.30
"Fersk oppalen laks";"2005U52";5834;26.79
"Fersk oppalen laks";"2006U01";5955;25.96
"Fersk oppalen laks";"2006U02";5698;25.70
"Fersk oppalen laks";"2006U03";6728;26.54
"Fersk oppalen laks";"2006U04";6778;28.54
"Fersk oppalen laks";"2006U05";6739;27.21
"Fersk oppalen laks";"2006U06";6872;26.68
"Fersk oppalen laks";"2006U07";6857;26.53
"Fersk oppalen laks";"2006U08";7017;27.55
"Fersk oppalen laks";"2006U09";8359;28.66
"Fersk oppalen laks";"2006U10";7991;29.78
"Fersk oppalen laks";"2006U11";7623;30.48
"Fersk oppalen laks";"2006U12";7507;31.18
"Fersk oppalen laks";"2006U13";7690;32.81
"Fersk oppalen laks";"2006U14";8464;34.82
"Fersk oppalen laks";"2006U15";6145;34.68
"Fersk oppalen laks";"2006U16";6523;34.58
"Fersk oppalen laks";"2006U17";8521;34.97
"Fersk oppalen laks";"2006U18";6516;36.48
"Fersk oppalen laks";"2006U19";7247;36.28
"Fersk oppalen laks";"2006U20";6114;37.00
"Fersk oppalen laks";"2006U21";6596;40.03
"Fersk oppalen laks";"2006U22";7602;40.76
"Fersk oppalen laks";"2006U23";6451;40.50
"Fersk oppalen laks";"2006U24";7247;41.07
"Fersk oppalen laks";"2006U25";7246;43.05
"Fersk oppalen laks";"2006U26";6665;42.51
"Fersk oppalen laks";"2006U27";6345;38.57
"Fersk oppalen laks";"2006U28";5684;37.91
"Fersk oppalen laks";"2006U29";5464;39.00
"Fersk oppalen laks";"2006U30";6132;38.13
"Fersk oppalen laks";"2006U31";6567;37.85
"Fersk oppalen laks";"2006U32";5688;37.24
"Fersk oppalen laks";"2006U33";6247;36.80
"Fersk oppalen laks";"2006U34";7043;36.12
"Fersk oppalen laks";"2006U35";7080;33.29
"Fersk oppalen laks";"2006U36";7400;31.17
"Fersk oppalen laks";"2006U37";8038;31.20
"Fersk oppalen laks";"2006U38";8112;30.67
"Fersk oppalen laks";"2006U39";8308;29.19
"Fersk oppalen laks";"2006U40";8670;28.06
"Fersk oppalen laks";"2006U41";8965;28.65
"Fersk oppalen laks";"2006U42";9567;29.24
"Fersk oppalen laks";"2006U43";9668;28.59
"Fersk oppalen laks";"2006U44";9795;27.57
"Fersk oppalen laks";"2006U45";9748;27.02
"Fersk oppalen laks";"2006U46";10635;26.85
"Fersk oppalen laks";"2006U47";10873;28.19
"Fersk oppalen laks";"2006U48";11548;28.73
"Fersk oppalen laks";"2006U49";12571;28.04
"Fersk oppalen laks";"2006U50";13003;27.55
"Fersk oppalen laks";"2006U51";10766;27.11
"Fersk oppalen laks";"2006U52";4463;28.26
"Fersk oppalen laks";"2007U01";6809;28.37
"Fersk oppalen laks";"2007U02";8281;28.38
"Fersk oppalen laks";"2007U03";8553;29.13
"Fersk oppalen laks";"2007U04";8179;28.33
"Fersk oppalen laks";"2007U05";8257;27.50
"Fersk oppalen laks";"2007U06";7426;27.19
"Fersk oppalen laks";"2007U07";8098;28.91
"Fersk oppalen laks";"2007U08";8584;30.62
"Fersk oppalen laks";"2007U09";8942;28.30
"Fersk oppalen laks";"2007U10";9049;28.22
"Fersk oppalen laks";"2007U11";9449;29.56
"Fersk oppalen laks";"2007U12";10099;29.17
"Fersk oppalen laks";"2007U13";10544;28.78
"Fersk oppalen laks";"2007U14";6351;29.22
"Fersk oppalen laks";"2007U15";8667;29.82
"Fersk oppalen laks";"2007U16";9395;28.76
"Fersk oppalen laks";"2007U17";9062;27.32
"Fersk oppalen laks";"2007U18";8602;27.33
"Fersk oppalen laks";"2007U19";10500;26.99
"Fersk oppalen laks";"2007U20";8723;26.54
"Fersk oppalen laks";"2007U21";9919;26.17
"Fersk oppalen laks";"2007U22";9120;26.17
"Fersk oppalen laks";"2007U23";10068;25.83
"Fersk oppalen laks";"2007U24";9937;25.33
"Fersk oppalen laks";"2007U25";9998;25.21
"Fersk oppalen laks";"2007U26";9379;24.77
"Fersk oppalen laks";"2007U27";9432;24.53
"Fersk oppalen laks";"2007U28";8751;24.87
"Fersk oppalen laks";"2007U29";10250;25.56
"Fersk oppalen laks";"2007U30";7690;25.73
"Fersk oppalen laks";"2007U31";6857;26.33
"Fersk oppalen laks";"2007U32";8199;28.11
"Fersk oppalen laks";"2007U33";8299;28.95
"Fersk oppalen laks";"2007U34";9204;27.52
"Fersk oppalen laks";"2007U35";11755;26.96
"Fersk oppalen laks";"2007U36";9861;26.95
"Fersk oppalen laks";"2007U37";10193;26.43
"Fersk oppalen laks";"2007U38";10452;25.36
"Fersk oppalen laks";"2007U39";9769;24.49
"Fersk oppalen laks";"2007U40";10289;24.77
"Fersk oppalen laks";"2007U41";10399;24.39
"Fersk oppalen laks";"2007U42";10181;23.99
"Fersk oppalen laks";"2007U43";10419;23.69
"Fersk oppalen laks";"2007U44";10324;23.90
"Fersk oppalen laks";"2007U45";11347;23.70
"Fersk oppalen laks";"2007U46";11692;24.22
"Fersk oppalen laks";"2007U47";12571;24.89
"Fersk oppalen laks";"2007U48";13049;25.14
"Fersk oppalen laks";"2007U49";13712;25.17
"Fersk oppalen laks";"2007U50";15381;25.21
"Fersk oppalen laks";"2007U51";13180;25.98
"Fersk oppalen laks";"2007U52";3704;28.79
"Fersk oppalen laks";"2008U01";5833;29.00
"Fersk oppalen laks";"2008U02";9909;26.77
"Fersk oppalen laks";"2008U03";8979;25.07
"Fersk oppalen laks";"2008U04";8883;24.69
"Fersk oppalen laks";"2008U05";9599;25.18
"Fersk oppalen laks";"2008U06";9034;25.35
"Fersk oppalen laks";"2008U07";9617;26.14
"Fersk oppalen laks";"2008U08";9710;25.92
"Fersk oppalen laks";"2008U09";9878;24.94
"Fersk oppalen laks";"2008U10";10872;25.71
"Fersk oppalen laks";"2008U11";12246;26.96
"Fersk oppalen laks";"2008U12";7122;28.03
"Fersk oppalen laks";"2008U13";8071;27.21
"Fersk oppalen laks";"2008U14";9656;26.41
"Fersk oppalen laks";"2008U15";9157;26.13
"Fersk oppalen laks";"2008U16";9729;25.60
"Fersk oppalen laks";"2008U17";8814;25.47
"Fersk oppalen laks";"2008U18";8704;26.87
"Fersk oppalen laks";"2008U19";10724;28.61
"Fersk oppalen laks";"2008U20";9294;27.35
"Fersk oppalen laks";"2008U21";10176;25.96
"Fersk oppalen laks";"2008U22";10394;25.23
"Fersk oppalen laks";"2008U23";9633;25.33
"Fersk oppalen laks";"2008U24";10872;27.28
"Fersk oppalen laks";"2008U25";10353;27.18
"Fersk oppalen laks";"2008U26";9400;25.98
"Fersk oppalen laks";"2008U27";9692;26.49
"Fersk oppalen laks";"2008U28";9244;29.05
"Fersk oppalen laks";"2008U29";8921;29.81
"Fersk oppalen laks";"2008U30";7698;29.41
"Fersk oppalen laks";"2008U31";8191;28.59
"Fersk oppalen laks";"2008U32";8494;29.85
"Fersk oppalen laks";"2008U33";8681;30.21
"Fersk oppalen laks";"2008U34";9420;28.10
"Fersk oppalen laks";"2008U35";8947;26.45
"Fersk oppalen laks";"2008U36";9287;27.99
"Fersk oppalen laks";"2008U37";10043;29.94
"Fersk oppalen laks";"2008U38";9953;28.10
"Fersk oppalen laks";"2008U39";10136;26.98
"Fersk oppalen laks";"2008U40";10235;26.32
"Fersk oppalen laks";"2008U41";10027;26.79
"Fersk oppalen laks";"2008U42";10137;27.15
"Fersk oppalen laks";"2008U43";11187;26.61
"Fersk oppalen laks";"2008U44";10383;27.46
"Fersk oppalen laks";"2008U45";11321;26.06
"Fersk oppalen laks";"2008U46";12023;25.24
"Fersk oppalen laks";"2008U47";11824;26.05
"Fersk oppalen laks";"2008U48";13752;28.01
"Fersk oppalen laks";"2008U49";13907;27.37
"Fersk oppalen laks";"2008U50";14658;26.08
"Fersk oppalen laks";"2008U51";14634;26.83
"Fersk oppalen laks";"2008U52";5353;29.95
"Fersk oppalen laks";"2009U01";5603;31.42
"Fersk oppalen laks";"2009U02";11607;29.64
"Fersk oppalen laks";"2009U03";9512;27.44
"Fersk oppalen laks";"2009U04";9537;27.92
"Fersk oppalen laks";"2009U05";9775;28.60
"Fersk oppalen laks";"2009U06";8558;28.16
"Fersk oppalen laks";"2009U07";9227;27.65
"Fersk oppalen laks";"2009U08";9146;27.49
"Fersk oppalen laks";"2009U09";9673;29.79
"Fersk oppalen laks";"2009U10";10225;29.08
"Fersk oppalen laks";"2009U11";10794;30.94
"Fersk oppalen laks";"2009U12";10646;31.28
"Fersk oppalen laks";"2009U13";10545;30.10
"Fersk oppalen laks";"2009U14";12375;30.05
"Fersk oppalen laks";"2009U15";7742;33.70
"Fersk oppalen laks";"2009U16";9269;32.40
"Fersk oppalen laks";"2009U17";11134;31.56
"Fersk oppalen laks";"2009U18";9588;32.62
"Fersk oppalen laks";"2009U19";10890;33.70
"Fersk oppalen laks";"2009U20";10061;34.16
"Fersk oppalen laks";"2009U21";10244;37.34
"Fersk oppalen laks";"2009U22";11275;35.55
"Fersk oppalen laks";"2009U23";9428;33.15
"Fersk oppalen laks";"2009U24";10301;35.03
"Fersk oppalen laks";"2009U25";11039;36.76
"Fersk oppalen laks";"2009U26";10779;35.73
"Fersk oppalen laks";"2009U27";10580;36.10
"Fersk oppalen laks";"2009U28";9215;36.65
"Fersk oppalen laks";"2009U29";9538;38.36
"Fersk oppalen laks";"2009U30";9717;37.97
"Fersk oppalen laks";"2009U31";9966;34.21
"Fersk oppalen laks";"2009U32";10678;31.32
"Fersk oppalen laks";"2009U33";10821;30.44
"Fersk oppalen laks";"2009U34";10898;30.32
"Fersk oppalen laks";"2009U35";11458;29.10
"Fersk oppalen laks";"2009U36";11090;29.83
"Fersk oppalen laks";"2009U37";12080;30.91
"Fersk oppalen laks";"2009U38";10904;29.76
"Fersk oppalen laks";"2009U39";12990;28.31
"Fersk oppalen laks";"2009U40";12325;28.47
"Fersk oppalen laks";"2009U41";12257;27.90
"Fersk oppalen laks";"2009U42";12246;26.81
"Fersk oppalen laks";"2009U43";12351;26.07
"Fersk oppalen laks";"2009U44";12408;27.51
"Fersk oppalen laks";"2009U45";11732;27.72
"Fersk oppalen laks";"2009U46";12702;28.52
"Fersk oppalen laks";"2009U47";14181;28.20
"Fersk oppalen laks";"2009U48";14963;28.55
"Fersk oppalen laks";"2009U49";15027;27.69
"Fersk oppalen laks";"2009U50";16657;28.48
"Fersk oppalen laks";"2009U51";17766;28.95
"Fersk oppalen laks";"2009U52";8265;30.68
"Fersk oppalen laks";"2009U53";7552;30.88
"Fersk oppalen laks";"2010U01";11067;29.82
"Fersk oppalen laks";"2010U02";10808;28.17
"Fersk oppalen laks";"2010U03";10891;28.92
"Fersk oppalen laks";"2010U04";10967;29.69
"Fersk oppalen laks";"2010U05";10826;31.84
"Fersk oppalen laks";"2010U06";10929;34.23
"Fersk oppalen laks";"2010U07";10891;34.88
"Fersk oppalen laks";"2010U08";9293;33.76
"Fersk oppalen laks";"2010U09";10902;35.37
"Fersk oppalen laks";"2010U10";11640;35.87
"Fersk oppalen laks";"2010U11";11921;36.65
"Fersk oppalen laks";"2010U12";13320;35.12
"Fersk oppalen laks";"2010U13";7751;38.46
"Fersk oppalen laks";"2010U14";9929;39.26
"Fersk oppalen laks";"2010U15";11632;39.60
"Fersk oppalen laks";"2010U16";11073;37.92
"Fersk oppalen laks";"2010U17";10955;38.62
"Fersk oppalen laks";"2010U18";11785;38.87
"Fersk oppalen laks";"2010U19";10533;39.51
"Fersk oppalen laks";"2010U20";10629;41.78
"Fersk oppalen laks";"2010U21";11535;39.65
"Fersk oppalen laks";"2010U22";12513;38.03
"Fersk oppalen laks";"2010U23";11780;37.16
"Fersk oppalen laks";"2010U24";12639;38.74
"Fersk oppalen laks";"2010U25";12280;40.05
"Fersk oppalen laks";"2010U26";12245;39.09
"Fersk oppalen laks";"2010U27";11817;40.07
"Fersk oppalen laks";"2010U28";11275;40.73
"Fersk oppalen laks";"2010U29";10242;38.50
"Fersk oppalen laks";"2010U30";10625;38.49
"Fersk oppalen laks";"2010U31";9884;38.85
"Fersk oppalen laks";"2010U32";10182;39.85
"Fersk oppalen laks";"2010U33";11048;41.31
"Fersk oppalen laks";"2010U34";12120;39.58
"Fersk oppalen laks";"2010U35";12697;37.62
"Fersk oppalen laks";"2010U36";13132;37.07
"Fersk oppalen laks";"2010U37";12597;36.76
"Fersk oppalen laks";"2010U38";13516;37.86
"Fersk oppalen laks";"2010U39";13536;37.20
"Fersk oppalen laks";"2010U40";13279;36.15
"Fersk oppalen laks";"2010U41";13935;37.84
"Fersk oppalen laks";"2010U42";13539;37.31
"Fersk oppalen laks";"2010U43";14335;36.11
"Fersk oppalen laks";"2010U44";13748;36.06
"Fersk oppalen laks";"2010U45";13988;35.76
"Fersk oppalen laks";"2010U46";14497;36.30
"Fersk oppalen laks";"2010U47";15255;36.05
"Fersk oppalen laks";"2010U48";15346;38.42
"Fersk oppalen laks";"2010U49";17626;43.13
"Fersk oppalen laks";"2010U50";17716;43.46
"Fersk oppalen laks";"2010U51";10713;43.24
"Fersk oppalen laks";"2010U52";7752;40.37
"Fersk oppalen laks";"2011U01";9309;38.43
"Fersk oppalen laks";"2011U02";11133;39.96
"Fersk oppalen laks";"2011U03";11853;40.44
"Fersk oppalen laks";"2011U04";11570;38.82
"Fersk oppalen laks";"2011U05";10320;39.98
"Fersk oppalen laks";"2011U06";10817;39.71
"Fersk oppalen laks";"2011U07";10982;40.81
"Fersk oppalen laks";"2011U08";10585;41.61
"Fersk oppalen laks";"2011U09";10941;40.89
"Fersk oppalen laks";"2011U10";12801;40.56
"Fersk oppalen laks";"2011U11";12165;40.44
"Fersk oppalen laks";"2011U12";11899;40.79
"Fersk oppalen laks";"2011U13";10941;40.94
"Fersk oppalen laks";"2011U14";12729;42.20
"Fersk oppalen laks";"2011U15";13763;43.61
"Fersk oppalen laks";"2011U16";8130;43.08
"Fersk oppalen laks";"2011U17";9888;42.71
"Fersk oppalen laks";"2011U18";11889;42.21
"Fersk oppalen laks";"2011U19";13036;40.05
"Fersk oppalen laks";"2011U20";10413;38.75
"Fersk oppalen laks";"2011U21";12609;36.67
"Fersk oppalen laks";"2011U22";10992;36.08
"Fersk oppalen laks";"2011U23";13201;34.11
"Fersk oppalen laks";"2011U24";11833;33.37
"Fersk oppalen laks";"2011U25";13159;31.61
"Fersk oppalen laks";"2011U26";12880;28.54
"Fersk oppalen laks";"2011U27";12160;31.20
"Fersk oppalen laks";"2011U28";13277;33.21
"Fersk oppalen laks";"2011U29";12758;30.11
"Fersk oppalen laks";"2011U30";10897;30.62
"Fersk oppalen laks";"2011U31";11197;29.35
"Fersk oppalen laks";"2011U32";12169;29.59
"Fersk oppalen laks";"2011U33";12639;28.91
"Fersk oppalen laks";"2011U34";13788;26.55
"Fersk oppalen laks";"2011U35";13819;27.27
"Fersk oppalen laks";"2011U36";14804;27.47
"Fersk oppalen laks";"2011U37";14613;25.97
"Fersk oppalen laks";"2011U38";14992;26.59
"Fersk oppalen laks";"2011U39";16079;25.23
"Fersk oppalen laks";"2011U40";16648;24.55
"Fersk oppalen laks";"2011U41";16376;24.20
"Fersk oppalen laks";"2011U42";16207;23.01
"Fersk oppalen laks";"2011U43";15906;21.63
"Fersk oppalen laks";"2011U44";15301;24.18
"Fersk oppalen laks";"2011U45";16194;25.23
"Fersk oppalen laks";"2011U46";17327;24.16
"Fersk oppalen laks";"2011U47";18890;26.15
"Fersk oppalen laks";"2011U48";18710;26.06
"Fersk oppalen laks";"2011U49";19953;25.90
"Fersk oppalen laks";"2011U50";22369;28.49
"Fersk oppalen laks";"2011U51";16499;26.90
"Fersk oppalen laks";"2011U52";9721;26.40
"Fersk oppalen laks";"2012U01";11785;25.65
"Fersk oppalen laks";"2012U02";12528;24.95
"Fersk oppalen laks";"2012U03";13994;26.71
"Fersk oppalen laks";"2012U04";12990;25.26
"Fersk oppalen laks";"2012U05";13226;25.31
"Fersk oppalen laks";"2012U06";12883;27.51
"Fersk oppalen laks";"2012U07";13613;28.49
"Fersk oppalen laks";"2012U08";14382;29.84
"Fersk oppalen laks";"2012U09";15829;28.77
"Fersk oppalen laks";"2012U10";15525;28.64
"Fersk oppalen laks";"2012U11";16395;29.07
"Fersk oppalen laks";"2012U12";17175;28.27
"Fersk oppalen laks";"2012U13";18334;26.64
"Fersk oppalen laks";"2012U14";9286;29.61
"Fersk oppalen laks";"2012U15";15530;29.34
"Fersk oppalen laks";"2012U16";16510;28.70
"Fersk oppalen laks";"2012U17";15370;29.11
"Fersk oppalen laks";"2012U18";13019;29.11
"Fersk oppalen laks";"2012U19";16526;29.06
"Fersk oppalen laks";"2012U20";14425;31.27
"Fersk oppalen laks";"2012U21";16542;29.51
"Fersk oppalen laks";"2012U22";15328;28.30
"Fersk oppalen laks";"2012U23";16993;26.42
"Fersk oppalen laks";"2012U24";17607;25.92
"Fersk oppalen laks";"2012U25";16734;27.59
"Fersk oppalen laks";"2012U26";15826;26.90
"Fersk oppalen laks";"2012U27";16555;27.70
"Fersk oppalen laks";"2012U28";16064;26.90
"Fersk oppalen laks";"2012U29";14412;26.40
"Fersk oppalen laks";"2012U30";14355;26.56
"Fersk oppalen laks";"2012U31";15238;27.17
"Fersk oppalen laks";"2012U32";15064;28.31
"Fersk oppalen laks";"2012U33";15317;27.36
"Fersk oppalen laks";"2012U34";15533;27.67
"Fersk oppalen laks";"2012U35";16542;29.10
"Fersk oppalen laks";"2012U36";16474;28.60
"Fersk oppalen laks";"2012U37";17354;26.92
"Fersk oppalen laks";"2012U38";18359;26.02
"Fersk oppalen laks";"2012U39";18459;23.99
"Fersk oppalen laks";"2012U40";17312;24.28
"Fersk oppalen laks";"2012U41";17499;26.66
"Fersk oppalen laks";"2012U42";18298;26.24
"Fersk oppalen laks";"2012U43";17301;25.10
"Fersk oppalen laks";"2012U44";17795;27.02
"Fersk oppalen laks";"2012U45";17867;26.59
"Fersk oppalen laks";"2012U46";18453;27.73
"Fersk oppalen laks";"2012U47";19372;26.63
"Fersk oppalen laks";"2012U48";19394;27.15
"Fersk oppalen laks";"2012U49";21897;29.16
"Fersk oppalen laks";"2012U50";23674;30.78
"Fersk oppalen laks";"2012U51";23219;29.56
"Fersk oppalen laks";"2012U52";7356;33.11
"Fersk oppalen laks";"2013U01";10364;33.57
"Fersk oppalen laks";"2013U02";15684;33.35
"Fersk oppalen laks";"2013U03";15135;34.76
"Fersk oppalen laks";"2013U04";14010;36.51
"Fersk oppalen laks";"2013U05";13732;35.27
"Fersk oppalen laks";"2013U06";13631;34.84
"Fersk oppalen laks";"2013U07";14332;36.13
"Fersk oppalen laks";"2013U08";13163;37.03
"Fersk oppalen laks";"2013U09";13550;38.97
"Fersk oppalen laks";"2013U10";14576;38.90
"Fersk oppalen laks";"2013U11";15892;37.70
"Fersk oppalen laks";"2013U12";18376;36.02
"Fersk oppalen laks";"2013U13";10986;37.93
"Fersk oppalen laks";"2013U14";11291;39.85
"Fersk oppalen laks";"2013U15";13550;42.27
"Fersk oppalen laks";"2013U16";13438;43.23
"Fersk oppalen laks";"2013U17";14289;42.00
"Fersk oppalen laks";"2013U18";13265;42.41
"Fersk oppalen laks";"2013U19";14217;42.31
"Fersk oppalen laks";"2013U20";14132;43.51
"Fersk oppalen laks";"2013U21";14456;43.81
"Fersk oppalen laks";"2013U22";15171;40.77
"Fersk oppalen laks";"2013U23";14847;40.22
"Fersk oppalen laks";"2013U24";14940;39.22
"Fersk oppalen laks";"2013U25";13330;41.19
"Fersk oppalen laks";"2013U26";13309;43.40
"Fersk oppalen laks";"2013U27";14217;45.15
"Fersk oppalen laks";"2013U28";14102;44.26
"Fersk oppalen laks";"2013U29";14098;45.12
"Fersk oppalen laks";"2013U30";13509;43.01
"Fersk oppalen laks";"2013U31";12572;40.14
"Fersk oppalen laks";"2013U32";13734;39.92
"Fersk oppalen laks";"2013U33";13675;43.43
"Fersk oppalen laks";"2013U34";15530;42.03
"Fersk oppalen laks";"2013U35";16403;38.16
"Fersk oppalen laks";"2013U36";16791;37.31
"Fersk oppalen laks";"2013U37";18020;33.73
"Fersk oppalen laks";"2013U38";18859;30.04
"Fersk oppalen laks";"2013U39";18487;32.82
"Fersk oppalen laks";"2013U40";18727;35.87
"Fersk oppalen laks";"2013U41";18442;35.68
"Fersk oppalen laks";"2013U42";18051;38.32
"Fersk oppalen laks";"2013U43";18068;38.74
"Fersk oppalen laks";"2013U44";18734;39.70
"Fersk oppalen laks";"2013U45";17751;38.50
"Fersk oppalen laks";"2013U46";18020;36.98
"Fersk oppalen laks";"2013U47";17907;39.94
"Fersk oppalen laks";"2013U48";18384;40.17
"Fersk oppalen laks";"2013U49";21121;45.65
"Fersk oppalen laks";"2013U50";23617;48.61
"Fersk oppalen laks";"2013U51";22644;48.52
"Fersk oppalen laks";"2013U52";7100;50.58
"Fersk oppalen laks";"2014U01";9341;50.34
"Fersk oppalen laks";"2014U02";15118;48.75
"Fersk oppalen laks";"2014U03";14505;49.27
"Fersk oppalen laks";"2014U04";13699;49.72
"Fersk oppalen laks";"2014U05";13784;46.80
"Fersk oppalen laks";"2014U06";13053;45.62
"Fersk oppalen laks";"2014U07";13190;49.41
"Fersk oppalen laks";"2014U08";14324;48.76
"Fersk oppalen laks";"2014U09";15963;46.68
"Fersk oppalen laks";"2014U10";15949;44.13
"Fersk oppalen laks";"2014U11";15975;44.07
"Fersk oppalen laks";"2014U12";16449;43.63
"Fersk oppalen laks";"2014U13";16159;43.83
"Fersk oppalen laks";"2014U14";17313;44.01
"Fersk oppalen laks";"2014U15";19722;44.35
"Fersk oppalen laks";"2014U16";12057;47.40
"Fersk oppalen laks";"2014U17";14614;46.29
"Fersk oppalen laks";"2014U18";14590;44.62
"Fersk oppalen laks";"2014U19";15636;42.03
"Fersk oppalen laks";"2014U20";15695;40.28
"Fersk oppalen laks";"2014U21";16593;39.37
"Fersk oppalen laks";"2014U22";14444;38.83
"Fersk oppalen laks";"2014U23";16919;37.65
"Fersk oppalen laks";"2014U24";15355;37.51
"Fersk oppalen laks";"2014U25";17308;36.47
"Fersk oppalen laks";"2014U26";17145;33.60
"Fersk oppalen laks";"2014U27";15108;37.60
"Fersk oppalen laks";"2014U28";15256;41.66
"Fersk oppalen laks";"2014U29";14452;42.26
"Fersk oppalen laks";"2014U30";14297;42.23
"Fersk oppalen laks";"2014U31";15439;37.70
"Fersk oppalen laks";"2014U32";15634;37.48
"Fersk oppalen laks";"2014U33";15710;35.82
"Fersk oppalen laks";"2014U34";16726;34.95
"Fersk oppalen laks";"2014U35";16287;34.87
"Fersk oppalen laks";"2014U36";17045;35.71
"Fersk oppalen laks";"2014U37";17009;34.43
"Fersk oppalen laks";"2014U38";17405;34.05
"Fersk oppalen laks";"2014U39";17142;35.43
"Fersk oppalen laks";"2014U40";17134;35.59
"Fersk oppalen laks";"2014U41";17554;34.40
"Fersk oppalen laks";"2014U42";17925;34.44
"Fersk oppalen laks";"2014U43";17091;36.51
"Fersk oppalen laks";"2014U44";17873;37.06
"Fersk oppalen laks";"2014U45";16848;37.61
"Fersk oppalen laks";"2014U46";17877;39.95
"Fersk oppalen laks";"2014U47";17687;41.76
"Fersk oppalen laks";"2014U48";18451;43.38
"Fersk oppalen laks";"2014U49";20184;45.29
"Fersk oppalen laks";"2014U50";21210;46.84
"Fersk oppalen laks";"2014U51";18822;42.36
"Fersk oppalen laks";"2014U52";8305;47.20
"Fersk oppalen laks";"2015U01";9466;45.57
"Fersk oppalen laks";"2015U02";15622;45.77
"Fersk oppalen laks";"2015U03";15946;46.28
"Fersk oppalen laks";"2015U04";16444;44.31
"Fersk oppalen laks";"2015U05";14810;39.78
"Fersk oppalen laks";"2015U06";14693;43.43
"Fersk oppalen laks";"2015U07";14634;44.78
"Fersk oppalen laks";"2015U08";15864;41.76
"Fersk oppalen laks";"2015U09";16173;39.10
"Fersk oppalen laks";"2015U10";15920;41.14
"Fersk oppalen laks";"2015U11";17767;42.47
"Fersk oppalen laks";"2015U12";19019;41.79
"Fersk oppalen laks";"2015U13";20283;40.32
"Fersk oppalen laks";"2015U14";12240;42.30
"Fersk oppalen laks";"2015U15";15764;42.24
"Fersk oppalen laks";"2015U16";17988;39.35
"Fersk oppalen laks";"2015U17";16066;37.62
"Fersk oppalen laks";"2015U18";16206;39.25
"Fersk oppalen laks";"2015U19";17602;36.99
"Fersk oppalen laks";"2015U20";15948;39.96
"Fersk oppalen laks";"2015U21";18209;38.65
"Fersk oppalen laks";"2015U22";16364;37.92
"Fersk oppalen laks";"2015U23";16613;38.77
"Fersk oppalen laks";"2015U24";17313;41.51
"Fersk oppalen laks";"2015U25";16036;42.69
"Fersk oppalen laks";"2015U26";16383;40.94
"Fersk oppalen laks";"2015U27";15214;39.76
"Fersk oppalen laks";"2015U28";15205;42.26
"Fersk oppalen laks";"2015U29";14930;44.81
"Fersk oppalen laks";"2015U30";15267;46.23
"Fersk oppalen laks";"2015U31";13878;45.63
"Fersk oppalen laks";"2015U32";14226;46.68
"Fersk oppalen laks";"2015U33";15798;46.63
"Fersk oppalen laks";"2015U34";16971;41.74
"Fersk oppalen laks";"2015U35";17353;39.06
"Fersk oppalen laks";"2015U36";17227;43.03
"Fersk oppalen laks";"2015U37";17706;43.18
"Fersk oppalen laks";"2015U38";19057;41.54
"Fersk oppalen laks";"2015U39";18914;40.39
"Fersk oppalen laks";"2015U40";18598;40.07
"Fersk oppalen laks";"2015U41";18604;43.09
"Fersk oppalen laks";"2015U42";18992;42.43
"Fersk oppalen laks";"2015U43";20108;41.06
"Fersk oppalen laks";"2015U44";19201;41.86
"Fersk oppalen laks";"2015U45";18118;42.98
"Fersk oppalen laks";"2015U46";18705;42.52
"Fersk oppalen laks";"2015U47";18125;44.51
"Fersk oppalen laks";"2015U48";18889;48.79
"Fersk oppalen laks";"2015U49";19802;50.06
"Fersk oppalen laks";"2015U50";20949;49.05
"Fersk oppalen laks";"2015U51";20207;51.30
"Fersk oppalen laks";"2015U52";10494;53.26
"Fersk oppalen laks";"2015U53";9593;55.06
"Fersk oppalen laks";"2016U01";14173;57.27
"Fersk oppalen laks";"2016U02";14655;61.64
"Fersk oppalen laks";"2016U03";16115;54.56
"Fersk oppalen laks";"2016U04";15700;49.24
"Fersk oppalen laks";"2016U05";14839;51.27
"Fersk oppalen laks";"2016U06";14323;53.21
"Fersk oppalen laks";"2016U07";14682;56.95
"Fersk oppalen laks";"2016U08";14627;58.54
"Fersk oppalen laks";"2016U09";16087;58.48
"Fersk oppalen laks";"2016U10";16059;56.07
"Fersk oppalen laks";"2016U11";17936;57.88
"Fersk oppalen laks";"2016U12";10405;62.51
"Fersk oppalen laks";"2016U13";13750;61.98
"Fersk oppalen laks";"2016U14";15627;59.03
"Fersk oppalen laks";"2016U15";16367;55.56
"Fersk oppalen laks";"2016U16";15169;56.47
"Fersk oppalen laks";"2016U17";15425;55.65
"Fersk oppalen laks";"2016U18";14032;56.88
"Fersk oppalen laks";"2016U19";17283;62.19
"Fersk oppalen laks";"2016U20";12320;65.71
"Fersk oppalen laks";"2016U21";16324;57.41
"Fersk oppalen laks";"2016U22";15456;57.91
"Fersk oppalen laks";"2016U23";12500;64.70
"Fersk oppalen laks";"2016U24";14209;69.44
"Fersk oppalen laks";"2016U25";13845;67.40
"Fersk oppalen laks";"2016U26";12619;65.02
"Fersk oppalen laks";"2016U27";11925;70.96
"Fersk oppalen laks";"2016U28";13694;70.38
"Fersk oppalen laks";"2016U29";13629;65.12
"Fersk oppalen laks";"2016U30";14947;59.41
"Fersk oppalen laks";"2016U31";15413;57.52
"Fersk oppalen laks";"2016U32";16386;59.61
"Fersk oppalen laks";"2016U33";16680;59.23
"Fersk oppalen laks";"2016U34";16188;56.36
"Fersk oppalen laks";"2016U35";16810;56.47
"Fersk oppalen laks";"2016U36";18063;55.28
"Fersk oppalen laks";"2016U37";18559;52.78
"Fersk oppalen laks";"2016U38";19576;53.36
"Fersk oppalen laks";"2016U39";19426;55.39
"Fersk oppalen laks";"2016U40";18261;58.64
"Fersk oppalen laks";"2016U41";16770;59.67
"Fersk oppalen laks";"2016U42";17137;61.36
"Fersk oppalen laks";"2016U43";16888;61.50
"Fersk oppalen laks";"2016U44";18472;60.65
"Fersk oppalen laks";"2016U45";17125;59.63
"Fersk oppalen laks";"2016U46";18009;63.57
"Fersk oppalen laks";"2016U47";18734;62.46
"Fersk oppalen laks";"2016U48";19131;62.94
"Fersk oppalen laks";"2016U49";18476;66.44
"Fersk oppalen laks";"2016U50";19450;69.28
"Fersk oppalen laks";"2016U51";15026;73.09
"Fersk oppalen laks";"2016U52";10408;73.53
"Fersk oppalen laks";"2017U01";11950;75.25
"Fersk oppalen laks";"2017U02";13217;72.42
"Fersk oppalen laks";"2017U03";14219;72.50
"Fersk oppalen laks";"2017U04";14137;70.35
"Fersk oppalen laks";"2017U05";14426;66.01
"Fersk oppalen laks";"2017U06";14901;64.96
"Fersk oppalen laks";"2017U07";14775;64.08
"Fersk oppalen laks";"2017U08";15311;63.20
"Fersk oppalen laks";"2017U09";15774;59.55
"Fersk oppalen laks";"2017U10";15606;58.36
"Fersk oppalen laks";"2017U11";15294;61.98
"Fersk oppalen laks";"2017U12";16351;63.76
"Fersk oppalen laks";"2017U13";17821;62.70
"Fersk oppalen laks";"2017U14";18658;62.82
"Fersk oppalen laks";"2017U15";11516;65.13
"Fersk oppalen laks";"2017U16";14381;64.85
"Fersk oppalen laks";"2017U17";13791;62.17
"Fersk oppalen laks";"2017U18";12105;65.79
"Fersk oppalen laks";"2017U19";14305;70.18
"Fersk oppalen laks";"2017U20";13034;72.47
"Fersk oppalen laks";"2017U21";13773;72.17
"Fersk oppalen laks";"2017U22";14551;66.02
"Fersk oppalen laks";"2017U23";12787;69.91
"Fersk oppalen laks";"2017U24";13680;67.87
"Fersk oppalen laks";"2017U25";13724;68.96
"Fersk oppalen laks";"2017U26";14485;69.36
"Fersk oppalen laks";"2017U27";15795;65.71
"Fersk oppalen laks";"2017U28";14234;63.22
"Fersk oppalen laks";"2017U29";14428;65.12
"Fersk oppalen laks";"2017U30";15251;62.11
"Fersk oppalen laks";"2017U31";16311;60.55
"Fersk oppalen laks";"2017U32";17373;59.53
"Fersk oppalen laks";"2017U33";17023;55.63
"Fersk oppalen laks";"2017U34";16988;56.80
"Fersk oppalen laks";"2017U35";18043;54.89
"Fersk oppalen laks";"2017U36";18273;55.56
"Fersk oppalen laks";"2017U37";19307;53.85
"Fersk oppalen laks";"2017U38";18876;55.30
"Fersk oppalen laks";"2017U39";19317;57.21
"Fersk oppalen laks";"2017U40";18964;56.61
"Fersk oppalen laks";"2017U41";18213;54.52
"Fersk oppalen laks";"2017U42";18824;55.32
"Fersk oppalen laks";"2017U43";20343;53.17
"Fersk oppalen laks";"2017U44";19574;49.05
"Fersk oppalen laks";"2017U45";19123;51.25
"Fersk oppalen laks";"2017U46";19542;53.89
"Fersk oppalen laks";"2017U47";19795;49.02
"Fersk oppalen laks";"2017U48";20927;48.65
"Fersk oppalen laks";"2017U49";21601;53.36
"Fersk oppalen laks";"2017U50";24582;53.76
"Fersk oppalen laks";"2017U51";19386;54.73
"Fersk oppalen laks";"2017U52";9901;56.23
"Fersk oppalen laks";"2018U01";14259;58.52
"Fersk oppalen laks";"2018U02";17007;57.28
"Fersk oppalen laks";"2018U03";16479;55.46
"Fersk oppalen laks";"2018U04";17441;56.96
"Fersk oppalen laks";"2018U05";17266;56.86
"Fersk oppalen laks";"2018U06";16515;54.69
"Fersk oppalen laks";"2018U07";15052;56.52
"Fersk oppalen laks";"2018U08";15688;62.20
"Fersk oppalen laks";"2018U09";15230;65.16
"Fersk oppalen laks";"2018U10";15825;67.57
"Fersk oppalen laks";"2018U11";17862;67.94
"Fersk oppalen laks";"2018U12";19138;65.12
"Fersk oppalen laks";"2018U13";11423;71.75
"Fersk oppalen laks";"2018U14";13953;71.50
"Fersk oppalen laks";"2018U15";15751;68.21
"Fersk oppalen laks";"2018U16";15094;67.32
"Fersk oppalen laks";"2018U17";14510;66.79
"Fersk oppalen laks";"2018U18";13735;71.16
"Fersk oppalen laks";"2018U19";14991;75.40
"Fersk oppalen laks";"2018U20";14951;76.09
"Fersk oppalen laks";"2018U21";15363;73.71
"Fersk oppalen laks";"2018U22";16826;66.17
"Fersk oppalen laks";"2018U23";16732;61.34
"Fersk oppalen laks";"2018U24";16548;65.00
"Fersk oppalen laks";"2018U25";16297;61.70
"Fersk oppalen laks";"2018U26";16929;58.25
"Fersk oppalen laks";"2018U27";17914;58.55
"Fersk oppalen laks";"2018U28";17402;55.40
"Fersk oppalen laks";"2018U29";17286;55.14
"Fersk oppalen laks";"2018U30";17367;56.07
"Fersk oppalen laks";"2018U31";17466;57.44
"Fersk oppalen laks";"2018U32";18978;57.33
"Fersk oppalen laks";"2018U33";19004;53.62
"Fersk oppalen laks";"2018U34";18551;52.99
"Fersk oppalen laks";"2018U35";17501;57.43
"Fersk oppalen laks";"2018U36";17919;62.60
"Fersk oppalen laks";"2018U37";18489;62.10
"Fersk oppalen laks";"2018U38";17736;60.28
"Fersk oppalen laks";"2018U39";19344;59.15
"Fersk oppalen laks";"2018U40";19999;57.93
"Fersk oppalen laks";"2018U41";19237;58.49
"Fersk oppalen laks";"2018U42";20828;58.95
"Fersk oppalen laks";"2018U43";19103;57.77
"Fersk oppalen laks";"2018U44";19305;59.07
"Fersk oppalen laks";"2018U45";18638;57.37
"Fersk oppalen laks";"2018U46";19468;55.90
"Fersk oppalen laks";"2018U47";19701;53.84
"Fersk oppalen laks";"2018U48";19860;55.76
"Fersk oppalen laks";"2018U49";21773;59.50
"Fersk oppalen laks";"2018U50";23046;58.87
"Fersk oppalen laks";"2018U51";21874;58.20
"Fersk oppalen laks";"2018U52";9179;65.15
"Fersk oppalen laks";"2019U01";12098;66.66
"Fersk oppalen laks";"2019U02";16968;63.90
"Fersk oppalen laks";"2019U03";15367;62.88
"Fersk oppalen laks";"2019U04";17427;60.83
"Fersk oppalen laks";"2019U05";16333;57.41
"Fersk oppalen laks";"2019U06";17688;56.73
"Fersk oppalen laks";"2019U07";17634;56.82
"Fersk oppalen laks";"2019U08";17103;60.00
"Fersk oppalen laks";"2019U09";15192;65.65
"Fersk oppalen laks";"2019U10";14387;72.45
"Fersk oppalen laks";"2019U11";14472;71.55
"Fersk oppalen laks";"2019U12";16569;67.78
"Fersk oppalen laks";"2019U13";17460;65.13
"Fersk oppalen laks";"2019U14";17409;68.21
"Fersk oppalen laks";"2019U15";19916;67.33
"Fersk oppalen laks";"2019U16";12499;71.45
"Fersk oppalen laks";"2019U17";16037;69.53
"Fersk oppalen laks";"2019U18";16133;62.85
"Fersk oppalen laks";"2019U19";16315;61.94
"Fersk oppalen laks";"2019U20";16127;65.48
"Fersk oppalen laks";"2019U21";18992;61.33
"Fersk oppalen laks";"2019U22";17473;58.52
"Fersk oppalen laks";"2019U23";15457;61.85
"Fersk oppalen laks";"2019U24";15627;69.90
"Fersk oppalen laks";"2019U25";17756;64.09
"Fersk oppalen laks";"2019U26";17510;60.12
"Fersk oppalen laks";"2019U27";15805;61.06
"Fersk oppalen laks";"2019U28";16630;64.64
"Fersk oppalen laks";"2019U29";16754;60.18
"Fersk oppalen laks";"2019U30";18839;56.16
"Fersk oppalen laks";"2019U31";19422;54.13
"Fersk oppalen laks";"2019U32";19035;54.45
"Fersk oppalen laks";"2019U33";19510;55.05
"Fersk oppalen laks";"2019U34";20732;51.82
"Fersk oppalen laks";"2019U35";19995;55.10
"Fersk oppalen laks";"2019U36";20918;53.07
"Fersk oppalen laks";"2019U37";21666;50.80
"Fersk oppalen laks";"2019U38";22100;48.62
"Fersk oppalen laks";"2019U39";22761;47.73
"Fersk oppalen laks";"2019U40";21618;46.83
"Fersk oppalen laks";"2019U41";21887;50.70
"Fersk oppalen laks";"2019U42";21025;54.66
"Fersk oppalen laks";"2019U43";21587;53.87
"Fersk oppalen laks";"2019U44";21899;52.99
"Fersk oppalen laks";"2019U45";19393;54.48
"Fersk oppalen laks";"2019U46";20563;58.63
"Fersk oppalen laks";"2019U47";21543;61.56
"Fersk oppalen laks";"2019U48";21783;63.25
"Fersk oppalen laks";"2019U49";20399;63.72
"Fersk oppalen laks";"2019U50";22556;68.76
"Fersk oppalen laks";"2019U51";20352;75.05
"Fersk oppalen laks";"2019U52";8714;77.04
"Fersk oppalen laks";"2020U01";11249;78.20
"Fersk oppalen laks";"2020U02";16141;77.63
"Fersk oppalen laks";"2020U03";17512;76.38
"Fersk oppalen laks";"2020U04";16034;75.53
"Fersk oppalen laks";"2020U05";16259;70.25
"Fersk oppalen laks";"2020U06";15452;65.56
"Fersk oppalen laks";"2020U07";17375;64.49
"Fersk oppalen laks";"2020U08";15504;68.42
"Fersk oppalen laks";"2020U09";16153;72.80
"Fersk oppalen laks";"2020U10";14891;67.74
"Fersk oppalen laks";"2020U11";18009;66.17
"Fersk oppalen laks";"2020U12";15332;61.29
"Fersk oppalen laks";"2020U13";15676;58.95
"Fersk oppalen laks";"2020U14";16955;60.04
"Fersk oppalen laks";"2020U15";11992;59.34
"Fersk oppalen laks";"2020U16";15119;56.11
"Fersk oppalen laks";"2020U17";16029;56.46
"Fersk oppalen laks";"2020U18";15212;55.85
"Fersk oppalen laks";"2020U19";15927;54.66
"Fersk oppalen laks";"2020U20";16824;59.17
"Fersk oppalen laks";"2020U21";15417;65.46
"Fersk oppalen laks";"2020U22";16342;64.28
"Fersk oppalen laks";"2020U23";13442;69.23
"Fersk oppalen laks";"2020U24";17174;69.94
"Fersk oppalen laks";"2020U25";16081;61.92
"Fersk oppalen laks";"2020U26";15888;59.01
"Fersk oppalen laks";"2020U27";16147;59.81
"Fersk oppalen laks";"2020U28";18090;58.69
"Fersk oppalen laks";"2020U29";17391;52.68
"Fersk oppalen laks";"2020U30";16482;52.23
"Fersk oppalen laks";"2020U31";16616;49.72
"Fersk oppalen laks";"2020U32";18471;49.62
"Fersk oppalen laks";"2020U33";17910;51.70
"Fersk oppalen laks";"2020U34";18922;52.61
"Fersk oppalen laks";"2020U35";18760;49.25
"Fersk oppalen laks";"2020U36";21788;48.90
"Fersk oppalen laks";"2020U37";21188;49.46
"Fersk oppalen laks";"2020U38";20791;48.50
"Fersk oppalen laks";"2020U39";20748;50.77
"Fersk oppalen laks";"2020U40";23535;49.83
"Fersk oppalen laks";"2020U41";22748;48.58
"Fersk oppalen laks";"2020U42";21602;50.00
"Fersk oppalen laks";"2020U43";21738;48.04
"Fersk oppalen laks";"2020U44";21486;47.09
"Fersk oppalen laks";"2020U45";21382;46.90
"Fersk oppalen laks";"2020U46";20136;47.98
"Fersk oppalen laks";"2020U47";21750;48.58
"Fersk oppalen laks";"2020U48";21964;47.67
"Fersk oppalen laks";"2020U49";23507;46.35
"Fersk oppalen laks";"2020U50";24043;46.09
"Fersk oppalen laks";"2020U51";24827;46.24
"Fersk oppalen laks";"2020U52";14127;50.22
"Fersk oppalen laks";"2020U53";13597;54.01
"Fersk oppalen laks";"2021U01";18590;50.38
"Fersk oppalen laks";"2021U02";18720;46.55
"Fersk oppalen laks";"2021U03";19141;49.81
"Fersk oppalen laks";"2021U04";20045;47.94
"Fersk oppalen laks";"2021U05";19322;47.31
"Fersk oppalen laks";"2021U06";20115;51.21
"Fersk oppalen laks";"2021U07";19128;51.07
"Fersk oppalen laks";"2021U08";16754;55.51
"Fersk oppalen laks";"2021U09";17969;63.31
"Fersk oppalen laks";"2021U10";16959;62.79
"Fersk oppalen laks";"2021U11";17699;59.97
"Fersk oppalen laks";"2021U12";20495;62.06
"Fersk oppalen laks";"2021U13";14286;65.25
"Fersk oppalen laks";"2021U14";15144;65.17
"Fersk oppalen laks";"2021U15";17979;60.99
"Fersk oppalen laks";"2021U16";16234;61.13
"Fersk oppalen laks";"2021U17";14629;65.74
"Fersk oppalen laks";"2021U18";14137;65.06
"Fersk oppalen laks";"2021U19";14863;71.08
"Fersk oppalen laks";"2021U20";14746;68.48
"Fersk oppalen laks";"2021U21";15977;63.53
"Fersk oppalen laks";"2021U22";17993;59.59
"Fersk oppalen laks";"2021U23";17277;57.64
"Fersk oppalen laks";"2021U24";17738;61.45
"Fersk oppalen laks";"2021U25";19385;60.12
"Fersk oppalen laks";"2021U26";18688;59.17
"Fersk oppalen laks";"2021U27";18410;59.85
"Fersk oppalen laks";"2021U28";17066;64.69
"Fersk oppalen laks";"2021U29";19289;66.05
"Fersk oppalen laks";"2021U30";19460;62.03
"Fersk oppalen laks";"2021U31";20239;58.52
"Fersk oppalen laks";"2021U32";21558;59.08
"Fersk oppalen laks";"2021U33";22000;56.91
"Fersk oppalen laks";"2021U34";23881;54.08
"Fersk oppalen laks";"2021U35";24787;54.41
"Fersk oppalen laks";"2021U36";26422;52.30
"Fersk oppalen laks";"2021U37";25827;53.43
"Fersk oppalen laks";"2021U38";26728;52.88
"Fersk oppalen laks";"2021U39";26410;53.54
"Fersk oppalen laks";"2021U40";25798;55.33
"Fersk oppalen laks";"2021U41";24509;58.39
"Fersk oppalen laks";"2021U42";22881;59.63
"Fersk oppalen laks";"2021U43";24174;57.98
"Fersk oppalen laks";"2021U44";25120;56.09
"Fersk oppalen laks";"2021U45";24527;54.86
"Fersk oppalen laks";"2021U46";24388;58.13
"Fersk oppalen laks";"2021U47";24322;61.84
"Fersk oppalen laks";"2021U48";23677;61.11
"Fersk oppalen laks";"2021U49";23597;65.06
"Fersk oppalen laks";"2021U50";25735;71.77
"Fersk oppalen laks";"2021U51";18099;71.32
"Fersk oppalen laks";"2021U52";14360;68.38
"Fersk oppalen laks";"2022U01";18114;67.32
"Fersk oppalen laks";"2022U02";17600;72.05
"Fersk oppalen laks";"2022U03";17699;72.97
"Fersk oppalen laks";"2022U04";18163;70.56
"Fersk oppalen laks";"2022U05";17327;74.42
"Fersk oppalen laks";"2022U06";17680;77.55
"Fersk oppalen laks";"2022U07";17933;87.60
"Fersk oppalen laks";"2022U08";17513;87.92
"Fersk oppalen laks";"2022U09";16643;83.75
"Fersk oppalen laks";"2022U10";16738;83.23
"Fersk oppalen laks";"2022U11";17326;78.28
"Fersk oppalen laks";"2022U12";17129;83.53
"Fersk oppalen laks";"2022U13";16023;84.16
"Fersk oppalen laks";"2022U14";17628;93.21
"Fersk oppalen laks";"2022U15";12041;94.63
"Fersk oppalen laks";"2022U16";13181;98.93
"Fersk oppalen laks";"2022U17";14245;107.75
"Fersk oppalen laks";"2022U18";13902;108.21
"Fersk oppalen laks";"2022U19";16113;97.65
"Fersk oppalen laks";"2022U20";13367;92.71
"Fersk oppalen laks";"2022U21";14301;95.13
"Fersk oppalen laks";"2022U22";16537;95.88
"Fersk oppalen laks";"2022U23";13618;96.66
"Fersk oppalen laks";"2022U24";15317;98.43
"Fersk oppalen laks";"2022U25";16619;97.43
"Fersk oppalen laks";"2022U26";16407;93.13
"Fersk oppalen laks";"2022U27";16656;90.29
"Fersk oppalen laks";"2022U28";17935;88.52
"Fersk oppalen laks";"2022U29";18927;80.74
"Fersk oppalen laks";"2022U30";18358;74.23
"Fersk oppalen laks";"2022U31";18577;75.23
"Fersk oppalen laks";"2022U32";20183;73.83
"Fersk oppalen laks";"2022U33";22368;69.86
"Fersk oppalen laks";"2022U34";24160;64.62
"Fersk oppalen laks";"2022U35";24010;61.94
"Fersk oppalen laks";"2022U36";25032;61.80
"Fersk oppalen laks";"2022U37";25816;64.49
"Fersk oppalen laks";"2022U38";27882;64.55
"Fersk oppalen laks";"2022U39";26236;65.67
"Fersk oppalen laks";"2022U40";24934;69.38
"Fersk oppalen laks";"2022U41";25531;72.88
"Fersk oppalen laks";"2022U42";25004;72.09
"Fersk oppalen laks";"2022U43";23779;70.64
"Fersk oppalen laks";"2022U44";23740;70.76
"Fersk oppalen laks";"2022U45";24421;68.43
"Fersk oppalen laks";"2022U46";22962;70.55
"Fersk oppalen laks";"2022U47";22492;78.00
"Fersk oppalen laks";"2022U48";22316;81.70
"Fersk oppalen laks";"2022U49";23460;77.77
"Fersk oppalen laks";"2022U50";24342;77.35
"Fersk oppalen laks";"2022U51";18401;74.71
"Fersk oppalen laks";"2022U52";13731;86.33
"Fersk oppalen laks";"2023U01";14932;89.67
"Fersk oppalen laks";"2023U02";15402;97.51
"Fersk oppalen laks";"2023U03";16564;94.98
"Fersk oppalen laks";"2023U04";16916;89.77
"Fersk oppalen laks";"2023U05";16946;93.07
"Fersk oppalen laks";"2023U06";15269;93.30
"Fersk oppalen laks";"2023U07";14851;103.22
"Fersk oppalen laks";"2023U08";14905;112.46
"Fersk oppalen laks";"2023U09";15004;119.48
"Fersk oppalen laks";"2023U10";13901;118.23
"Fersk oppalen laks";"2023U11";13786;122.88
"Fersk oppalen laks";"2023U12";15972;117.32
"Fersk oppalen laks";"2023U13";17460;111.04
"Fersk oppalen laks";"2023U14";11722;109.21
"Fersk oppalen laks";"2023U15";15265;113.39
"Fersk oppalen laks";"2023U16";16060;120.57
"Fersk oppalen laks";"2023U17";17281;111.63
"Fersk oppalen laks";"2023U18";13735;112.37
"Fersk oppalen laks";"2023U19";15822;108.66
"Fersk oppalen laks";"2023U20";11512;110.87
"Fersk oppalen laks";"2023U21";15492;108.65
"Fersk oppalen laks";"2023U22";15666;112.95
"Fersk oppalen laks";"2023U23";18299;110.08
"Fersk oppalen laks";"2023U24";17359;100.75
"Fersk oppalen laks";"2023U25";16792;89.46
"Fersk oppalen laks";"2023U26";17238;92.04
"Fersk oppalen laks";"2023U27";19220;94.90
"Fersk oppalen laks";"2023U28";17844;97.02
"Fersk oppalen laks";"2023U29";17898;92.67
"Fersk oppalen laks";"2023U30";19604;86.14
"Fersk oppalen laks";"2023U31";20469;83.28
"Fersk oppalen laks";"2023U32";21060;80.26
"Fersk oppalen laks";"2023U33";22698;78.14
